9544714,2018-10-18-00.01.00,GOEGP3623208,GP3623208,1604.987,2018-10-18-00.01.00,266945628122
9544714,2018-10-17-00.01.00,GOEGP3623208,GP3623208,1598.987,2018-10-17-00.01.00,266945628122
9544714,2018-10-16-00.01.00,GOEGP3623208,GP3623208,1594.987,2018-10-16-00.01.00,266945628122
9544714,2018-10-15-00.01.00,GOEGP3623208,GP3623208,1587.987,2018-10-15-00.01.00,266945628122
9544714,2018-10-14-00.01.00,GOEGP3623208,GP3623208,1584.987,2018-10-14-00.01.00,266945628122
9544714,2018-10-13-00.01.00,GOEGP3623208,GP3623208,1579.987,2018-10-13-00.01.00,266945628122
9544714,2018-10-12-00.01.00,GOEGP3623208,GP3623208,1573.987,2018-10-12-00.01.00,266945628122
9544714,2018-10-11-00.01.00,GOEGP3623208,GP3623208,1569.987,2018-10-11-00.01.00,266945628122
9544714,2018-10-10-00.01.00,GOEGP3623208,GP3623208,1562.987,2018-10-10-00.01.00,266945628122
9544714,2018-10-09-00.01.00,GOEGP3623208,GP3623208,1559.987,2018-10-09-00.01.00,266945628122
9544714,2018-10-08-00.01.00,GOEGP3623208,GP3623208,1554.987,2018-10-08-00.01.00,266945628122
9544714,2018-10-07-00.01.00,GOEGP3623208,GP3623208,1548.987,2018-10-07-00.01.00,266945628122
9544714,2018-10-06-00.01.00,GOEGP3623208,GP3623208,1544.987,2018-10-06-00.01.00,266945628122
9544714,2018-10-05-00.01.00,GOEGP3623208,GP3623208,1537.987,2018-10-05-00.01.00,266945628122
9544714,2018-10-04-00.01.00,GOEGP3623208,GP3623208,1534.987,2018-10-04-00.01.00,266945628122
9544714,2018-10-03-00.01.00,GOEGP3623208,GP3623208,1529.987,2018-10-03-00.01.00,266945628122
9544714,2018-10-02-00.01.00,GOEGP3623208,GP3623208,1523.987,2018-10-02-00.01.00,266945628122
9544714,2018-10-01-00.01.00,GOEGP3623208,GP3623208,1519.987,2018-10-01-00.01.00,266945628122
9544714,2018-09-30-00.01.00,GOEGP3623208,GP3623208,1512.987,2018-09-30-00.01.00,266945628122
9544714,2018-09-29-00.01.00,GOEGP3623208,GP3623208,1509.987,2018-09-29-00.01.00,266945628122
9544714,2018-09-28-00.01.00,GOEGP3623208,GP3623208,1504.987,2018-09-28-00.01.00,266945628122
9544714,2018-09-27-00.01.00,GOEGP3623208,GP3623208,1498.987,2018-09-27-00.01.00,266945628122
9544714,2018-09-26-00.01.00,GOEGP3623208,GP3623208,1494.987,2018-09-26-00.01.00,266945628122
9544714,2018-09-25-00.01.00,GOEGP3623208,GP3623208,1487.987,2018-09-25-00.01.00,266945628122
9544714,2018-09-24-00.01.00,GOEGP3623208,GP3623208,1484.987,2018-09-24-00.01.00,266945628122
9544714,2018-09-23-00.01.00,GOEGP3623208,GP3623208,1479.987,2018-09-23-00.01.00,266945628122
9544714,2018-09-22-00.01.00,GOEGP3623208,GP3623208,1473.987,2018-09-22-00.01.00,266945628122
9544714,2018-09-21-00.01.00,GOEGP3623208,GP3623208,1469.987,2018-09-21-00.01.00,266945628122
9544714,2018-09-20-00.01.00,GOEGP3623208,GP3623208,1462.987,2018-09-20-00.01.00,266945628122
9544714,2018-09-19-00.01.00,GOEGP3623208,GP3623208,1459.987,2018-09-19-00.01.00,266945628122
9544714,2018-09-18-00.01.00,GOEGP3623208,GP3623208,1454.987,2018-09-18-00.01.00,266945628122
9544714,2018-09-17-00.01.00,GOEGP3623208,GP3623208,1448.987,2018-09-17-00.01.00,266945628122
9544714,2018-09-16-00.01.00,GOEGP3623208,GP3623208,1444.987,2018-09-16-00.01.00,266945628122
9544714,2018-09-15-00.01.00,GOEGP3623208,GP3623208,1437.987,2018-09-15-00.01.00,266945628122
9544714,2018-09-14-00.01.00,GOEGP3623208,GP3623208,1434.987,2018-09-14-00.01.00,266945628122
9544714,2018-09-13-00.01.00,GOEGP3623208,GP3623208,1429.987,2018-09-13-00.01.00,266945628122
9544714,2018-09-12-00.01.00,GOEGP3623208,GP3623208,1423.987,2018-09-12-00.01.00,266945628122
9544714,2018-09-11-00.01.00,GOEGP3623208,GP3623208,1419.987,2018-09-11-00.01.00,266945628122
9544714,2018-09-10-00.01.00,GOEGP3623208,GP3623208,1412.987,2018-09-10-00.01.00,266945628122
9544714,2018-09-09-00.01.00,GOEGP3623208,GP3623208,1409.987,2018-09-09-00.01.00,266945628122
9544714,2018-09-08-00.01.00,GOEGP3623208,GP3623208,1404.987,2018-09-08-00.01.00,266945628122
9544714,2018-09-07-00.01.00,GOEGP3623208,GP3623208,1398.987,2018-09-07-00.01.00,266945628122
9544714,2018-09-06-00.01.00,GOEGP3623208,GP3623208,1394.987,2018-09-06-00.01.00,266945628122
9544714,2018-09-05-00.01.00,GOEGP3623208,GP3623208,1387.987,2018-09-05-00.01.00,266945628122
9544714,2018-09-04-00.01.00,GOEGP3623208,GP3623208,1384.987,2018-09-04-00.01.00,266945628122
9544714,2018-09-03-00.01.00,GOEGP3623208,GP3623208,1379.987,2018-09-03-00.01.00,266945628122
9544714,2018-09-02-00.01.00,GOEGP3623208,GP3623208,1373.987,2018-09-02-00.01.00,266945628122
9544714,2018-09-01-00.01.00,GOEGP3623208,GP3623208,1369.987,2018-09-01-00.01.00,266945628122
9544714,2018-08-31-00.01.00,GOEGP3623208,GP3623208,1362.987,2018-08-31-00.01.00,266945628122
9544714,2018-08-30-00.01.00,GOEGP3623208,GP3623208,1359.987,2018-08-30-00.01.00,266945628122
9544714,2018-08-29-00.01.00,GOEGP3623208,GP3623208,1354.987,2018-08-29-00.01.00,266945628122
9544714,2018-08-28-00.01.00,GOEGP3623208,GP3623208,1348.987,2018-08-28-00.01.00,266945628122
9544714,2018-08-27-00.01.00,GOEGP3623208,GP3623208,1344.987,2018-08-27-00.01.00,266945628122
9544714,2018-08-26-00.01.00,GOEGP3623208,GP3623208,1337.987,2018-08-26-00.01.00,266945628122
9544714,2018-08-25-00.01.00,GOEGP3623208,GP3623208,1334.987,2018-08-25-00.01.00,266945628122
9544714,2018-08-24-00.01.00,GOEGP3623208,GP3623208,1329.987,2018-08-24-00.01.00,266945628122
9544714,2018-08-23-00.01.00,GOEGP3623208,GP3623208,1323.987,2018-08-23-00.01.00,266945628122
9544714,2018-08-22-00.01.00,GOEGP3623208,GP3623208,1319.987,2018-08-22-00.01.00,266945628122
9544714,2018-08-21-00.01.00,GOEGP3623208,GP3623208,1312.987,2018-08-21-00.01.00,266945628122
9544714,2018-08-20-00.01.00,GOEGP3623208,GP3623208,1309.987,2018-08-20-00.01.00,266945628122
9544714,2018-08-19-00.01.00,GOEGP3623208,GP3623208,1304.987,2018-08-19-00.01.00,266945628122
9544714,2018-08-18-00.01.00,GOEGP3623208,GP3623208,1298.987,2018-08-18-00.01.00,266945628122
9544714,2018-08-17-00.01.00,GOEGP3623208,GP3623208,1294.987,2018-08-17-00.01.00,266945628122
9544714,2018-08-16-00.01.00,GOEGP3623208,GP3623208,1287.987,2018-08-16-00.01.00,266945628122
9544714,2018-08-15-00.01.00,GOEGP3623208,GP3623208,1284.987,2018-08-15-00.01.00,266945628122
9544714,2018-08-14-00.01.00,GOEGP3623208,GP3623208,1279.987,2018-08-14-00.01.00,266945628122
9544714,2018-08-13-00.01.00,GOEGP3623208,GP3623208,1273.987,2018-08-13-00.01.00,266945628122
9544714,2018-08-12-00.01.00,GOEGP3623208,GP3623208,1269.987,2018-08-12-00.01.00,266945628122
9544714,2018-08-11-00.01.00,GOEGP3623208,GP3623208,1262.987,2018-08-11-00.01.00,266945628122
9544714,2018-08-10-00.01.00,GOEGP3623208,GP3623208,1259.987,2018-08-10-00.01.00,266945628122
9544714,2018-08-09-00.01.00,GOEGP3623208,GP3623208,1254.987,2018-08-09-00.01.00,266945628122
9544714,2018-08-08-00.01.00,GOEGP3623208,GP3623208,1248.987,2018-08-08-00.01.00,266945628122
9544714,2018-08-07-00.01.00,GOEGP3623208,GP3623208,1244.987,2018-08-07-00.01.00,266945628122
9544714,2018-08-06-00.01.00,GOEGP3623208,GP3623208,1237.987,2018-08-06-00.01.00,266945628122
9544714,2018-08-05-00.01.00,GOEGP3623208,GP3623208,1234.987,2018-08-05-00.01.00,266945628122
9544714,2018-08-04-00.01.00,GOEGP3623208,GP3623208,1229.987,2018-08-04-00.01.00,266945628122
9544714,2018-08-03-00.01.00,GOEGP3623208,GP3623208,1223.987,2018-08-03-00.01.00,266945628122
9544714,2018-08-02-00.01.00,GOEGP3623208,GP3623208,1219.987,2018-08-02-00.01.00,266945628122
9544714,2018-08-01-00.01.00,GOEGP3623208,GP3623208,1212.987,2018-08-01-00.01.00,266945628122
9544714,2018-07-31-00.01.00,GOEGP3623208,GP3623208,1209.987,2018-07-31-00.01.00,266945628122
9544714,2018-07-30-00.01.00,GOEGP3623208,GP3623208,1204.987,2018-07-30-00.01.00,266945628122
9544714,2018-07-29-00.01.00,GOEGP3623208,GP3623208,1198.987,2018-07-29-00.01.00,266945628122
9544714,2018-07-28-00.01.00,GOEGP3623208,GP3623208,1194.987,2018-07-28-00.01.00,266945628122
9544714,2018-07-27-00.01.00,GOEGP3623208,GP3623208,1187.987,2018-07-27-00.01.00,266945628122
9544714,2018-07-26-00.01.00,GOEGP3623208,GP3623208,1184.987,2018-07-26-00.01.00,266945628122
9544714,2018-07-25-00.01.00,GOEGP3623208,GP3623208,1179.987,2018-07-25-00.01.00,266945628122
9544714,2018-07-24-00.01.00,GOEGP3623208,GP3623208,1173.987,2018-07-24-00.01.00,266945628122
9544714,2018-07-23-00.01.00,GOEGP3623208,GP3623208,1169.987,2018-07-23-00.01.00,266945628122
9544714,2018-07-22-00.01.00,GOEGP3623208,GP3623208,1162.987,2018-07-22-00.01.00,266945628122
9544714,2018-07-21-00.01.00,GOEGP3623208,GP3623208,1159.987,2018-07-21-00.01.00,266945628122
9544714,2018-07-20-00.01.00,GOEGP3623208,GP3623208,1154.987,2018-07-20-00.01.00,266945628122
9544714,2018-07-19-00.01.00,GOEGP3623208,GP3623208,1148.987,2018-07-19-00.01.00,266945628122
9544714,2018-07-18-00.01.00,GOEGP3623208,GP3623208,1144.987,2018-07-18-00.01.00,266945628122
9544714,2018-07-17-00.01.00,GOEGP3623208,GP3623208,1137.987,2018-07-17-00.01.00,266945628122
9544714,2018-07-16-00.01.00,GOEGP3623208,GP3623208,1134.987,2018-07-16-00.01.00,266945628122
9544714,2018-07-15-00.01.00,GOEGP3623208,GP3623208,1129.987,2018-07-15-00.01.00,266945628122
9544714,2018-07-14-00.01.00,GOEGP3623208,GP3623208,1123.987,2018-07-14-00.01.00,266945628122
9544714,2018-07-13-00.01.00,GOEGP3623208,GP3623208,1119.987,2018-07-13-00.01.00,266945628122
9544714,2018-07-12-00.01.00,GOEGP3623208,GP3623208,1112.987,2018-07-12-00.01.00,266945628122
9544714,2018-07-11-00.01.00,GOEGP3623208,GP3623208,1109.987,2018-07-11-00.01.00,266945628122
9544714,2018-07-10-00.01.00,GOEGP3623208,GP3623208,1104.987,2018-07-10-00.01.00,266945628122
9544714,2018-07-09-00.01.00,GOEGP3623208,GP3623208,1098.987,2018-07-09-00.01.00,266945628122
9544714,2018-07-08-00.01.00,GOEGP3623208,GP3623208,1094.987,2018-07-08-00.01.00,266945628122
9544714,2018-07-07-00.01.00,GOEGP3623208,GP3623208,1087.987,2018-07-07-00.01.00,266945628122
9544714,2018-07-06-00.01.00,GOEGP3623208,GP3623208,1084.987,2018-07-06-00.01.00,266945628122
9544714,2018-07-05-00.01.00,GOEGP3623208,GP3623208,1079.987,2018-07-05-00.01.00,266945628122
9544714,2018-07-04-00.01.00,GOEGP3623208,GP3623208,1073.987,2018-07-04-00.01.00,266945628122
9544714,2018-07-03-00.01.00,GOEGP3623208,GP3623208,1069.987,2018-07-03-00.01.00,266945628122
9544714,2018-07-02-00.01.00,GOEGP3623208,GP3623208,1062.987,2018-07-02-00.01.00,266945628122
9544714,2018-07-01-00.01.00,GOEGP3623208,GP3623208,1059.987,2018-07-01-00.01.00,266945628122
9544714,2018-06-30-00.01.00,GOEGP3623208,GP3623208,1054.987,2018-06-30-00.01.00,266945628122
9544714,2018-06-29-00.01.00,GOEGP3623208,GP3623208,1048.987,2018-06-29-00.01.00,266945628122
9544714,2018-06-28-00.01.00,GOEGP3623208,GP3623208,1044.987,2018-06-28-00.01.00,266945628122
9544714,2018-06-27-00.01.00,GOEGP3623208,GP3623208,1037.987,2018-06-27-00.01.00,266945628122
9544714,2018-06-26-00.01.00,GOEGP3623208,GP3623208,1034.987,2018-06-26-00.01.00,266945628122
9544714,2018-06-25-00.01.00,GOEGP3623208,GP3623208,1029.987,2018-06-25-00.01.00,266945628122
9544714,2018-06-24-00.01.00,GOEGP3623208,GP3623208,1023.987,2018-06-24-00.01.00,266945628122
9544714,2018-06-23-00.01.00,GOEGP3623208,GP3623208,1019.987,2018-06-23-00.01.00,266945628122
9544714,2018-06-22-00.01.00,GOEGP3623208,GP3623208,1012.987,2018-06-22-00.01.00,266945628122
9544714,2018-06-21-00.01.00,GOEGP3623208,GP3623208,1009.987,2018-06-21-00.01.00,266945628122
9544714,2018-06-20-00.01.00,GOEGP3623208,GP3623208,1004.987,2018-06-20-00.01.00,266945628122
9544714,2018-06-19-00.01.00,GOEGP3623208,GP3623208,998.987,2018-06-19-00.01.00,266945628122
9544714,2018-06-18-00.01.00,GOEGP3623208,GP3623208,994.987,2018-06-18-00.01.00,266945628122
9544714,2018-06-17-00.01.00,GOEGP3623208,GP3623208,987.987,2018-06-17-00.01.00,266945628122
9544714,2018-06-16-00.01.00,GOEGP3623208,GP3623208,984.987,2018-06-16-00.01.00,266945628122
9544714,2018-06-15-00.01.00,GOEGP3623208,GP3623208,979.987,2018-06-15-00.01.00,266945628122
9544714,2018-06-14-00.01.00,GOEGP3623208,GP3623208,973.987,2018-06-14-00.01.00,266945628122
9544714,2018-06-13-00.01.00,GOEGP3623208,GP3623208,969.987,2018-06-13-00.01.00,266945628122
9544714,2018-06-12-00.01.00,GOEGP3623208,GP3623208,962.987,2018-06-12-00.01.00,266945628122
9544714,2018-06-11-00.01.00,GOEGP3623208,GP3623208,959.987,2018-06-11-00.01.00,266945628122
9544714,2018-06-10-00.01.00,GOEGP3623208,GP3623208,954.987,2018-06-10-00.01.00,266945628122
9544714,2018-06-09-00.01.00,GOEGP3623208,GP3623208,948.987,2018-06-09-00.01.00,266945628122
9544714,2018-06-08-00.01.00,GOEGP3623208,GP3623208,944.987,2018-06-08-00.01.00,266945628122
9544714,2018-06-07-00.01.00,GOEGP3623208,GP3623208,937.987,2018-06-07-00.01.00,266945628122
9544714,2018-06-06-00.01.00,GOEGP3623208,GP3623208,934.987,2018-06-06-00.01.00,266945628122
9544714,2018-06-05-00.01.00,GOEGP3623208,GP3623208,929.987,2018-06-05-00.01.00,266945628122
9544714,2018-06-04-00.01.00,GOEGP3623208,GP3623208,923.987,2018-06-04-00.01.00,266945628122
9544714,2018-06-03-00.01.00,GOEGP3623208,GP3623208,919.987,2018-06-03-00.01.00,266945628122
9544714,2018-06-02-00.01.00,GOEGP3623208,GP3623208,912.987,2018-06-02-00.01.00,266945628122
9544714,2018-06-01-00.01.00,GOEGP3623208,GP3623208,909.987,2018-06-01-00.01.00,266945628122
9544714,2018-05-31-00.01.00,GOEGP3623208,GP3623208,904.987,2018-05-31-00.01.00,266945628122
9544714,2018-05-30-00.01.00,GOEGP3623208,GP3623208,898.987,2018-05-30-00.01.00,266945628122
9544714,2018-05-29-00.01.00,GOEGP3623208,GP3623208,894.987,2018-05-29-00.01.00,266945628122
9544714,2018-05-28-00.01.00,GOEGP3623208,GP3623208,887.987,2018-05-28-00.01.00,266945628122
9544714,2018-05-27-00.01.00,GOEGP3623208,GP3623208,884.987,2018-05-27-00.01.00,266945628122
9544714,2018-05-26-00.01.00,GOEGP3623208,GP3623208,879.987,2018-05-26-00.01.00,266945628122
9544714,2018-05-25-00.01.00,GOEGP3623208,GP3623208,873.987,2018-05-25-00.01.00,266945628122
9544714,2018-05-24-00.01.00,GOEGP3623208,GP3623208,869.987,2018-05-24-00.01.00,266945628122
9544714,2018-05-23-00.01.00,GOEGP3623208,GP3623208,862.987,2018-05-23-00.01.00,266945628122
9544714,2018-05-22-00.01.00,GOEGP3623208,GP3623208,859.987,2018-05-22-00.01.00,266945628122
9544714,2018-05-21-00.01.00,GOEGP3623208,GP3623208,854.987,2018-05-21-00.01.00,266945628122
9544714,2018-05-20-00.01.00,GOEGP3623208,GP3623208,848.987,2018-05-20-00.01.00,266945628122
9544714,2018-05-19-00.01.00,GOEGP3623208,GP3623208,844.987,2018-05-19-00.01.00,266945628122
9544714,2018-05-18-00.01.00,GOEGP3623208,GP3623208,837.987,2018-05-18-00.01.00,266945628122
9544714,2018-05-17-00.01.00,GOEGP3623208,GP3623208,834.987,2018-05-17-00.01.00,266945628122
9544714,2018-05-16-00.01.00,GOEGP3623208,GP3623208,829.987,2018-05-16-00.01.00,266945628122
9544714,2018-05-15-00.01.00,GOEGP3623208,GP3623208,823.987,2018-05-15-00.01.00,266945628122
9544714,2018-05-14-00.01.00,GOEGP3623208,GP3623208,819.987,2018-05-14-00.01.00,266945628122
9544714,2018-05-13-00.01.00,GOEGP3623208,GP3623208,812.987,2018-05-13-00.01.00,266945628122
9544714,2018-05-12-00.01.00,GOEGP3623208,GP3623208,809.987,2018-05-12-00.01.00,266945628122
9544714,2018-05-11-00.01.00,GOEGP3623208,GP3623208,804.987,2018-05-11-00.01.00,266945628122
9544714,2018-05-10-00.01.00,GOEGP3623208,GP3623208,798.987,2018-05-10-00.01.00,266945628122
9544714,2018-05-09-00.01.00,GOEGP3623208,GP3623208,794.987,2018-05-09-00.01.00,266945628122
9544714,2018-05-08-00.01.00,GOEGP3623208,GP3623208,787.987,2018-05-08-00.01.00,266945628122
9544714,2018-05-07-00.01.00,GOEGP3623208,GP3623208,784.987,2018-05-07-00.01.00,266945628122
9544714,2018-05-06-00.01.00,GOEGP3623208,GP3623208,779.987,2018-05-06-00.01.00,266945628122
9544714,2018-05-05-00.01.00,GOEGP3623208,GP3623208,773.987,2018-05-05-00.01.00,266945628122
9544714,2018-05-04-00.01.00,GOEGP3623208,GP3623208,769.987,2018-05-04-00.01.00,266945628122
9544714,2018-05-03-00.01.00,GOEGP3623208,GP3623208,762.987,2018-05-03-00.01.00,266945628122
9544714,2018-05-02-00.01.00,GOEGP3623208,GP3623208,759.987,2018-05-02-00.01.00,266945628122
9544714,2018-05-01-00.01.00,GOEGP3623208,GP3623208,754.987,2018-05-01-00.01.00,266945628122
9544714,2018-04-30-00.01.00,GOEGP3623208,GP3623208,748.987,2018-04-30-00.01.00,266945628122
9544714,2018-04-29-00.01.00,GOEGP3623208,GP3623208,744.987,2018-04-29-00.01.00,266945628122
9544714,2018-04-28-00.01.00,GOEGP3623208,GP3623208,737.987,2018-04-28-00.01.00,266945628122
9544714,2018-04-27-00.01.00,GOEGP3623208,GP3623208,734.987,2018-04-27-00.01.00,266945628122
9544714,2018-04-26-00.01.00,GOEGP3623208,GP3623208,729.987,2018-04-26-00.01.00,266945628122
9544714,2018-04-25-00.01.00,GOEGP3623208,GP3623208,723.987,2018-04-25-00.01.00,266945628122
9544714,2018-04-24-00.01.00,GOEGP3623208,GP3623208,719.987,2018-04-24-00.01.00,266945628122
9544714,2018-04-23-00.01.00,GOEGP3623208,GP3623208,712.987,2018-04-23-00.01.00,266945628122
9544714,2018-04-22-00.01.00,GOEGP3623208,GP3623208,709.987,2018-04-22-00.01.00,266945628122
9544714,2018-04-21-00.01.00,GOEGP3623208,GP3623208,704.987,2018-04-21-00.01.00,266945628122
9544714,2018-04-20-00.01.00,GOEGP3623208,GP3623208,698.987,2018-04-20-00.01.00,266945628122
9544714,2018-04-19-00.01.00,GOEGP3623208,GP3623208,694.987,2018-04-19-00.01.00,266945628122
9544714,2018-04-18-00.01.00,GOEGP3623208,GP3623208,687.987,2018-04-18-00.01.00,266945628122
9544714,2018-04-17-00.01.00,GOEGP3623208,GP3623208,684.987,2018-04-17-00.01.00,266945628122
9544714,2018-04-16-00.01.00,GOEGP3623208,GP3623208,679.987,2018-04-16-00.01.00,266945628122
9544714,2018-04-15-00.01.00,GOEGP3623208,GP3623208,673.987,2018-04-15-00.01.00,266945628122
9544714,2018-04-14-00.01.00,GOEGP3623208,GP3623208,669.987,2018-04-14-00.01.00,266945628122
9544714,2018-04-13-00.01.00,GOEGP3623208,GP3623208,662.987,2018-04-13-00.01.00,266945628122
9544714,2018-04-12-00.01.00,GOEGP3623208,GP3623208,659.987,2018-04-12-00.01.00,266945628122
9544714,2018-04-11-00.01.00,GOEGP3623208,GP3623208,654.987,2018-04-11-00.01.00,266945628122
9544714,2018-04-10-00.01.00,GOEGP3623208,GP3623208,648.987,2018-04-10-00.01.00,266945628122
9544714,2018-04-09-00.01.00,GOEGP3623208,GP3623208,644.987,2018-04-09-00.01.00,266945628122
9544714,2018-04-08-00.01.00,GOEGP3623208,GP3623208,637.987,2018-04-08-00.01.00,266945628122
9544714,2018-04-07-00.01.00,GOEGP3623208,GP3623208,634.987,2018-04-07-00.01.00,266945628122
9544714,2018-04-06-00.01.00,GOEGP3623208,GP3623208,629.987,2018-04-06-00.01.00,266945628122
9544714,2018-04-05-00.01.00,GOEGP3623208,GP3623208,623.987,2018-04-05-00.01.00,266945628122
9544714,2018-04-04-00.01.00,GOEGP3623208,GP3623208,619.987,2018-04-04-00.01.00,266945628122
9544714,2018-04-03-00.01.00,GOEGP3623208,GP3623208,612.987,2018-04-03-00.01.00,266945628122
9544714,2018-04-02-00.01.00,GOEGP3623208,GP3623208,609.987,2018-04-02-00.01.00,266945628122
9544714,2018-04-01-00.01.00,GOEGP3623208,GP3623208,604.987,2018-04-01-00.01.00,266945628122
9544714,2018-03-31-00.01.00,GOEGP3623208,GP3623208,598.987,2018-03-31-00.01.00,266945628122
9544714,2018-03-30-00.01.00,GOEGP3623208,GP3623208,594.987,2018-03-30-00.01.00,266945628122
9544714,2018-03-29-00.01.00,GOEGP3623208,GP3623208,587.987,2018-03-29-00.01.00,266945628122
9544714,2018-03-28-00.01.00,GOEGP3623208,GP3623208,584.987,2018-03-28-00.01.00,266945628122
9544714,2018-03-27-00.01.00,GOEGP3623208,GP3623208,579.987,2018-03-27-00.01.00,266945628122
9544714,2018-03-26-00.01.00,GOEGP3623208,GP3623208,573.987,2018-03-26-00.01.00,266945628122
9544714,2018-03-25-00.01.00,GOEGP3623208,GP3623208,569.987,2018-03-25-00.01.00,266945628122
9544714,2018-03-24-00.01.00,GOEGP3623208,GP3623208,562.987,2018-03-24-00.01.00,266945628122
9544714,2018-03-23-00.01.00,GOEGP3623208,GP3623208,559.987,2018-03-23-00.01.00,266945628122
9544714,2018-03-22-00.01.00,GOEGP3623208,GP3623208,554.987,2018-03-22-00.01.00,266945628122
9544714,2018-03-21-00.01.00,GOEGP3623208,GP3623208,548.987,2018-03-21-00.01.00,266945628122
9544714,2018-03-20-00.01.00,GOEGP3623208,GP3623208,544.987,2018-03-20-00.01.00,266945628122
9544714,2018-03-19-00.01.00,GOEGP3623208,GP3623208,537.987,2018-03-19-00.01.00,266945628122
9544714,2018-03-18-00.01.00,GOEGP3623208,GP3623208,534.987,2018-03-18-00.01.00,266945628122
9544714,2018-03-17-00.01.00,GOEGP3623208,GP3623208,529.987,2018-03-17-00.01.00,266945628122
9544714,2018-03-16-00.01.00,GOEGP3623208,GP3623208,523.987,2018-03-16-00.01.00,266945628122
9544714,2018-03-15-00.01.00,GOEGP3623208,GP3623208,519.987,2018-03-15-00.01.00,266945628122
9544714,2018-03-14-00.01.00,GOEGP3623208,GP3623208,512.987,2018-03-14-00.01.00,266945628122
9544714,2018-03-13-00.01.00,GOEGP3623208,GP3623208,509.987,2018-03-13-00.01.00,266945628122
9544714,2018-03-12-00.01.00,GOEGP3623208,GP3623208,504.987,2018-03-12-00.01.00,266945628122
9544714,2018-03-11-00.01.00,GOEGP3623208,GP3623208,498.987,2018-03-11-00.01.00,266945628122
9544714,2018-03-10-00.01.00,GOEGP3623208,GP3623208,494.987,2018-03-10-00.01.00,266945628122
9544714,2018-03-09-00.01.00,GOEGP3623208,GP3623208,487.987,2018-03-09-00.01.00,266945628122
9544714,2018-03-08-00.01.00,GOEGP3623208,GP3623208,484.987,2018-03-08-00.01.00,266945628122
9544714,2018-03-07-00.01.00,GOEGP3623208,GP3623208,479.987,2018-03-07-00.01.00,266945628122
9544714,2018-03-06-00.01.00,GOEGP3623208,GP3623208,473.987,2018-03-06-00.01.00,266945628122
9544714,2018-03-05-00.01.00,GOEGP3623208,GP3623208,469.987,2018-03-05-00.01.00,266945628122
9544714,2018-03-04-00.01.00,GOEGP3623208,GP3623208,462.987,2018-03-04-00.01.00,266945628122
9544714,2018-03-03-00.01.00,GOEGP3623208,GP3623208,459.987,2018-03-03-00.01.00,266945628122
9544714,2018-03-02-00.01.00,GOEGP3623208,GP3623208,454.987,2018-03-02-00.01.00,266945628122
9544714,2018-03-01-00.01.00,GOEGP3623208,GP3623208,448.987,2018-03-01-00.01.00,266945628122
9544714,2018-02-28-00.01.00,GOEGP3623208,GP3623208,444.987,2018-02-28-00.01.00,266945628122
9544714,2018-02-27-00.01.00,GOEGP3623208,GP3623208,437.987,2018-02-27-00.01.00,266945628122
9544714,2018-02-26-00.01.00,GOEGP3623208,GP3623208,434.987,2018-02-26-00.01.00,266945628122
9544714,2018-02-25-00.01.00,GOEGP3623208,GP3623208,429.987,2018-02-25-00.01.00,266945628122
9544714,2018-02-24-00.01.00,GOEGP3623208,GP3623208,423.987,2018-02-24-00.01.00,266945628122
9544714,2018-02-23-00.01.00,GOEGP3623208,GP3623208,419.987,2018-02-23-00.01.00,266945628122
9544714,2018-02-22-00.01.00,GOEGP3623208,GP3623208,412.987,2018-02-22-00.01.00,266945628122
9544714,2018-02-21-00.01.00,GOEGP3623208,GP3623208,409.987,2018-02-21-00.01.00,266945628122
9544714,2018-02-20-00.01.00,GOEGP3623208,GP3623208,404.987,2018-02-20-00.01.00,266945628122
9544714,2018-02-19-00.01.00,GOEGP3623208,GP3623208,398.987,2018-02-19-00.01.00,266945628122
9544714,2018-02-18-00.01.00,GOEGP3623208,GP3623208,394.987,2018-02-18-00.01.00,266945628122
9544714,2018-02-17-00.01.00,GOEGP3623208,GP3623208,387.987,2018-02-17-00.01.00,266945628122
9544714,2018-02-16-00.01.00,GOEGP3623208,GP3623208,384.987,2018-02-16-00.01.00,266945628122
9544714,2018-02-15-00.01.00,GOEGP3623208,GP3623208,379.987,2018-02-15-00.01.00,266945628122
9544714,2018-02-14-00.01.00,GOEGP3623208,GP3623208,373.987,2018-02-14-00.01.00,266945628122
9544714,2018-02-13-00.01.00,GOEGP3623208,GP3623208,369.987,2018-02-13-00.01.00,266945628122
9544714,2018-02-12-00.01.00,GOEGP3623208,GP3623208,362.987,2018-02-12-00.01.00,266945628122
9544714,2018-02-11-00.01.00,GOEGP3623208,GP3623208,359.987,2018-02-11-00.01.00,266945628122
9544714,2018-02-10-00.01.00,GOEGP3623208,GP3623208,354.987,2018-02-10-00.01.00,266945628122
9544714,2018-02-09-00.01.00,GOEGP3623208,GP3623208,348.987,2018-02-09-00.01.00,266945628122
9544714,2018-02-08-00.01.00,GOEGP3623208,GP3623208,344.987,2018-02-08-00.01.00,266945628122
9544714,2018-02-07-00.01.00,GOEGP3623208,GP3623208,337.987,2018-02-07-00.01.00,266945628122
9544714,2018-02-06-00.01.00,GOEGP3623208,GP3623208,334.987,2018-02-06-00.01.00,266945628122
9544714,2018-02-05-00.01.00,GOEGP3623208,GP3623208,329.987,2018-02-05-00.01.00,266945628122
9544714,2018-02-04-00.01.00,GOEGP3623208,GP3623208,323.987,2018-02-04-00.01.00,266945628122
9544714,2018-02-03-00.01.00,GOEGP3623208,GP3623208,319.987,2018-02-03-00.01.00,266945628122
9544714,2018-02-02-00.01.00,GOEGP3623208,GP3623208,312.987,2018-02-02-00.01.00,266945628122
9544714,2018-02-01-00.01.00,GOEGP3623208,GP3623208,309.987,2018-02-01-00.01.00,266945628122
9544714,2018-01-31-00.01.00,GOEGP3623208,GP3623208,304.987,2018-01-31-00.01.00,266945628122
9544714,2018-01-30-00.01.00,GOEGP3623208,GP3623208,298.987,2018-01-30-00.01.00,266945628122
9544714,2018-01-29-00.01.00,GOEGP3623208,GP3623208,294.987,2018-01-29-00.01.00,266945628122
9544714,2018-01-28-00.01.00,GOEGP3623208,GP3623208,287.987,2018-01-28-00.01.00,266945628122
9544714,2018-01-27-00.01.00,GOEGP3623208,GP3623208,284.987,2018-01-27-00.01.00,266945628122
9544714,2018-01-26-00.01.00,GOEGP3623208,GP3623208,279.987,2018-01-26-00.01.00,266945628122
9544714,2018-01-25-00.01.00,GOEGP3623208,GP3623208,273.987,2018-01-25-00.01.00,266945628122
9544714,2018-01-24-00.01.00,GOEGP3623208,GP3623208,269.987,2018-01-24-00.01.00,266945628122
9544714,2018-01-23-00.01.00,GOEGP3623208,GP3623208,262.987,2018-01-23-00.01.00,266945628122
9544714,2018-01-22-00.01.00,GOEGP3623208,GP3623208,259.987,2018-01-22-00.01.00,266945628122
9544714,2018-01-21-00.01.00,GOEGP3623208,GP3623208,254.987,2018-01-21-00.01.00,266945628122
9544714,2018-01-20-00.01.00,GOEGP3623208,GP3623208,248.987,2018-01-20-00.01.00,266945628122
9544714,2018-01-19-00.01.00,GOEGP3623208,GP3623208,244.987,2018-01-19-00.01.00,266945628122
9544714,2018-01-18-00.01.00,GOEGP3623208,GP3623208,237.987,2018-01-18-00.01.00,266945628122
9544714,2018-01-17-00.01.00,GOEGP3623208,GP3623208,234.987,2018-01-17-00.01.00,266945628122
9544714,2018-01-16-00.01.00,GOEGP3623208,GP3623208,229.987,2018-01-16-00.01.00,266945628122
9544714,2018-01-15-00.01.00,GOEGP3623208,GP3623208,223.987,2018-01-15-00.01.00,266945628122
9544714,2018-01-14-00.01.00,GOEGP3623208,GP3623208,219.987,2018-01-14-00.01.00,266945628122
9544714,2018-01-13-00.01.00,GOEGP3623208,GP3623208,212.987,2018-01-13-00.01.00,266945628122
9544714,2018-01-12-00.01.00,GOEGP3623208,GP3623208,209.987,2018-01-12-00.01.00,266945628122
9544714,2018-01-11-00.01.00,GOEGP3623208,GP3623208,204.987,2018-01-11-00.01.00,266945628122
9544714,2018-01-10-00.01.00,GOEGP3623208,GP3623208,198.987,2018-01-10-00.01.00,266945628122
9544714,2018-01-09-00.01.00,GOEGP3623208,GP3623208,194.987,2018-01-09-00.01.00,266945628122
9544714,2018-01-08-00.01.00,GOEGP3623208,GP3623208,187.987,2018-01-08-00.01.00,266945628122
9544714,2018-01-07-00.01.00,GOEGP3623208,GP3623208,184.987,2018-01-07-00.01.00,266945628122
9544714,2018-01-06-00.01.00,GOEGP3623208,GP3623208,179.987,2018-01-06-00.01.00,266945628122
9544714,2018-01-05-00.01.00,GOEGP3623208,GP3623208,173.987,2018-01-05-00.01.00,266945628122
9544714,2018-01-04-00.01.00,GOEGP3623208,GP3623208,169.987,2018-01-04-00.01.00,266945628122
9544714,2018-01-03-00.01.00,GOEGP3623208,GP3623208,162.987,2018-01-03-00.01.00,266945628122
9544714,2018-01-02-00.01.00,GOEGP3623208,GP3623208,159.987,2018-01-02-00.01.00,266945628122
9544714,2018-01-01-00.01.00,GOEGP3623208,GP3623208,154.987,2018-01-01-00.01.00,266945628122
